{
  "$schema": "https://turbo.build/schema.json",
  "pipeline": {
    "build": {
      "dependsOn": ["^build"],
      "outputs": ["dist/**", ".next/**", "build/**"]
    },
    "lint": {
      "outputs": []
    },
    "dev": {
      "cache": false,
      "persistent": true
    },
    "test": {
      "outputs": ["coverage/**"],
      "dependsOn": []
    },
    "typecheck": {
      "dependsOn": []
    }
  },
  "globalDependencies": [
    ".env"
  ],
  "tasks": {
    "build": {
      "dependsOn": ["//#build"]
    },
    "dev": {
      "dependsOn": ["//#dev"]
    },
    "test": {
      "dependsOn": ["//#test"]
    },
    "lint": {
      "dependsOn": ["//#lint"]
    }
  }
}
